,User,Following
0,wangshub,kenneth-reitz
1,wangshub,paulyang1990
2,wangshub,dongweiming
3,wangshub,lilianweng
4,wangshub,xiongyihui
5,wangshub,carlos-wong
6,wangshub,llSourcell
7,wangshub,stonyw
8,wangshub,hzxie
9,wangshub,xbpeng
10,wangshub,wwj718
11,wangshub,XRobots
12,wangshub,sorenb-xlnx
13,wangshub,friendlyarm
14,wangshub,michalsimek
15,wangshub,schollz
16,wangshub,gaoxiang12
17,wangshub,gaieepo
18,wangshub,binderclip
19,wangshub,Neo-X
20,wangshub,raulmur
21,wangshub,radishgiant
22,wangshub,chenjiandongx
23,wangshub,HeLiangHIT
24,wangshub,Vg1ee
25,wangshub,caohaiwen
26,wangshub,WangYang-wy
27,wangshub,langzi125
28,kenneth-reitz,mojombo
29,kenneth-reitz,defunkt
30,kenneth-reitz,technoweenie
31,kenneth-reitz,atmos
32,kenneth-reitz,schacon
33,kenneth-reitz,benburkert
34,kenneth-reitz,brosner
35,kenneth-reitz,josh
36,kenneth-reitz,al3x
37,kenneth-reitz,adamwiggins
38,kenneth-reitz,ELLIOTTCABLE
39,kenneth-reitz,dan
40,kenneth-reitz,rtomayko
41,kenneth-reitz,trotter
42,kenneth-reitz,luigi
43,kenneth-reitz,probablycorey
44,kenneth-reitz,progrium
45,kenneth-reitz,ericflo
46,kenneth-reitz,bryanveloso
47,kenneth-reitz,asenchi
48,kenneth-reitz,kneath
49,kenneth-reitz,paulcbetts
50,kenneth-reitz,mintchaos
51,kenneth-reitz,Jonty
52,kenneth-reitz,ask
53,kenneth-reitz,benhodgson
54,kenneth-reitz,chriseppstein
55,kenneth-reitz,toastdriven
56,kenneth-reitz,gulopine
57,kenneth-reitz,tmm1
58,kenneth-reitz,holman
59,kenneth-reitz,moraes
60,kenneth-reitz,jbernard
61,kenneth-reitz,mnutt
62,kenneth-reitz,ciaran
63,kenneth-reitz,tmc
64,kenneth-reitz,subtleGradient
65,kenneth-reitz,michaeljones
66,kenneth-reitz,darwin
67,kenneth-reitz,bitprophet
68,kenneth-reitz,nuin
69,kenneth-reitz,edspencer
70,kenneth-reitz,hoffmann
71,kenneth-reitz,mitsuhiko
72,kenneth-reitz,collin
73,kenneth-reitz,jamesturk
74,kenneth-reitz,orestis
75,kenneth-reitz,parndt
76,kenneth-reitz,sferik
77,kenneth-reitz,brianmario
78,kenneth-reitz,sorbits
79,kenneth-reitz,nickcharlton
80,kenneth-reitz,jmalonzo
81,kenneth-reitz,dcolish
82,kenneth-reitz,lygaret
83,kenneth-reitz,unbracketed
84,kenneth-reitz,tilgovi
85,kenneth-reitz,habnabit
86,kenneth-reitz,ryanmcgrath
87,kenneth-reitz,idan
88,kenneth-reitz,dcramer
89,kenneth-reitz,matthewmccullough
90,kenneth-reitz,lbeltrame
91,kenneth-reitz,ericholscher
92,kenneth-reitz,rtyler
93,kenneth-reitz,steveklabnik
94,kenneth-reitz,aaronblohowiak
95,kenneth-reitz,tav
96,kenneth-reitz,johnpaulett
97,kenneth-reitz,ThisIsMissEm
98,kenneth-reitz,shayfrendt
99,kenneth-reitz,justquick
100,kenneth-reitz,philipforget
101,kenneth-reitz,kylebragger
102,kenneth-reitz,dlo
103,kenneth-reitz,jcarbaugh
104,kenneth-reitz,joshourisman
105,kenneth-reitz,bfirsh
106,kenneth-reitz,petdance
107,kenneth-reitz,backtype
108,kenneth-reitz,vmg
109,kenneth-reitz,empty
110,kenneth-reitz,leah
111,kenneth-reitz,aeby
112,kenneth-reitz,acdha
113,kenneth-reitz,tmpvar
114,kenneth-reitz,trentm
115,kenneth-reitz,ctb
116,kenneth-reitz,jnoller
117,kenneth-reitz,jina
118,kenneth-reitz,bobthecow
119,kenneth-reitz,brantfaircloth
120,kenneth-reitz,rspivak
121,kenneth-reitz,Kronuz
122,kenneth-reitz,durden
123,kenneth-reitz,cavanaug
124,kenneth-reitz,andrewturner
125,kenneth-reitz,pydanny
126,kenneth-reitz,FSX
127,kenneth-reitz,paparent
128,kenneth-reitz,rjweir
129,kenneth-reitz,jonathanchu
130,kenneth-reitz,almet
131,kenneth-reitz,mrtazz
132,kenneth-reitz,philogb
133,kenneth-reitz,cameronmcefee
134,kenneth-reitz,anarchivist
135,kenneth-reitz,rodjek
136,kenneth-reitz,nvie
137,kenneth-reitz,teddziuba
138,kenneth-reitz,RobertAudi
139,kenneth-reitz,bycoffe
140,kenneth-reitz,andymccurdy
141,kenneth-reitz,rfielding
142,kenneth-reitz,rdegges
143,kenneth-reitz,iceymoon
144,kenneth-reitz,boronine
145,kenneth-reitz,xdissent
146,kenneth-reitz,adamramadhan
147,kenneth-reitz,holdenweb
148,kenneth-reitz,hmarr
149,kenneth-reitz,benjaminws
150,kenneth-reitz,robbywalker
151,kenneth-reitz,zzzeek
152,kenneth-reitz,goosemo
153,kenneth-reitz,derks
154,kenneth-reitz,lyndsysimon
155,kenneth-reitz,robmadole
156,kenneth-reitz,ryanjohnston
157,kenneth-reitz,tartley
158,kenneth-reitz,ojii
159,kenneth-reitz,tomthepythonist
160,kenneth-reitz,nzoschke
161,kenneth-reitz,aw
162,kenneth-reitz,shawncook
163,kenneth-reitz,brandon-rhodes
164,kenneth-reitz,bebraw
165,kenneth-reitz,DasIch
166,kenneth-reitz,amix
167,kenneth-reitz,jesstess
168,kenneth-reitz,DHowett
169,kenneth-reitz,erinxocon
170,kenneth-reitz,opengovernment
171,kenneth-reitz,repoman
172,kenneth-reitz,Pointe730
173,kenneth-reitz,jeroenvdgulik
174,kenneth-reitz,macek
175,kenneth-reitz,tarekziade
176,kenneth-reitz,notifo
177,kenneth-reitz,kevinrose
178,kenneth-reitz,bnoordhuis
179,kenneth-reitz,umbrae
180,kenneth-reitz,paulhildebrandt
181,kenneth-reitz,jreading
182,kenneth-reitz,danielpclark
183,kenneth-reitz,danasaur
184,kenneth-reitz,chadbraunduin
185,kenneth-reitz,broccolini
186,kenneth-reitz,codeandcoffeemugs
187,kenneth-reitz,zedshaw
188,kenneth-reitz,giltotherescue
189,kenneth-reitz,maco
190,kenneth-reitz,eiz
191,kenneth-reitz,dcompute
192,kenneth-reitz,sateeshkumarb
193,kenneth-reitz,sburns
194,kenneth-reitz,kamzilla
195,kenneth-reitz,edmorley
196,kenneth-reitz,sdispater
197,kenneth-reitz,octocat
198,kenneth-reitz,drowolath
199,kenneth-reitz,kevinsawicki
200,kenneth-reitz,craigkerstiens
201,kenneth-reitz,artfwo
202,kenneth-reitz,kjoconnor
203,kenneth-reitz,mrcoulson
204,kenneth-reitz,shanemcd
205,kenneth-reitz,Malhou
206,kenneth-reitz,dreitz
207,kenneth-reitz,maxfenton
208,kenneth-reitz,eddiezane
209,kenneth-reitz,czpython
210,kenneth-reitz,tjwebb
211,kenneth-reitz,torvalds
212,kenneth-reitz,sonyagreen
213,kenneth-reitz,kirang89
214,kenneth-reitz,coreyweb
215,kenneth-reitz,SaraD
216,kenneth-reitz,ryan-lane
217,kenneth-reitz,metakermit
218,kenneth-reitz,ekb
219,kenneth-reitz,saisrk
220,kenneth-reitz,jrullmann
221,kenneth-reitz,gcwnow
222,kenneth-reitz,MikeLeitch
223,kenneth-reitz,ckaye89
224,kenneth-reitz,CaseyFaist
225,kenneth-reitz,alexritter96
226,paulyang1990,torvalds
227,paulyang1990,hongkai-dai
228,paulyang1990,RussTedrake
229,dongweiming,defunkt
230,dongweiming,rozza
231,dongweiming,progrium
232,dongweiming,alex
233,dongweiming,bryanveloso
234,dongweiming,ask
235,dongweiming,jezdez
236,dongweiming,holman
237,dongweiming,jashkenas
238,dongweiming,bitprophet
239,dongweiming,mitsuhiko
240,dongweiming,benoitc
241,dongweiming,qingfeng
242,dongweiming,rejeep
243,dongweiming,andrewschoen
244,dongweiming,jacobian
245,dongweiming,kejun
246,dongweiming,ZoomQuiet
247,dongweiming,dcramer
248,dongweiming,tj
249,dongweiming,tkf
250,dongweiming,paulirish
251,dongweiming,claytron
252,dongweiming,dhellmann
253,dongweiming,ianb
254,dongweiming,brettcannon
255,dongweiming,NV
256,dongweiming,wolever
257,dongweiming,carljm
258,dongweiming,pydanny
259,dongweiming,antirez
260,dongweiming,almet
261,dongweiming,loewis
262,dongweiming,nf
263,dongweiming,nvie
264,dongweiming,ajdavis
265,dongweiming,fukamachi
266,dongweiming,mdo
267,dongweiming,bbatsov
268,dongweiming,jamur2
269,dongweiming,addyosmani
270,dongweiming,kenneth-reitz
271,dongweiming,coleifer
272,dongweiming,benjaminws
273,dongweiming,coderanger
274,dongweiming,fiorix
275,dongweiming,vsajip
276,dongweiming,florentx
277,dongweiming,dstufft
278,dongweiming,bdarnell
279,dongweiming,LeaVerou
280,dongweiming,jesstess
281,dongweiming,vstinner
282,dongweiming,methane
283,dongweiming,warsaw
284,dongweiming,benjaminp
285,dongweiming,astaxie
286,dongweiming,petehunt
287,dongweiming,magnars
288,dongweiming,zedshaw
289,dongweiming,mattrobenolt
290,dongweiming,hongqn
291,dongweiming,VeryCB
292,dongweiming,freddrake
293,dongweiming,tianweidut
294,dongweiming,hakimel
295,dongweiming,merwok
296,dongweiming,hongru
297,dongweiming,kevinsawicki
298,dongweiming,scottkmaxwell
299,dongweiming,gaearon
300,dongweiming,satchit
301,dongweiming,kilink
302,dongweiming,untitaker
303,dongweiming,xtao
304,dongweiming,eliben
305,dongweiming,the5fire
306,dongweiming,ewdurbin
307,dongweiming,lincode
308,dongweiming,yetone
309,dongweiming,cssmagic
310,dongweiming,jgthms
311,dongweiming,jlord
312,dongweiming,Lukasa
313,dongweiming,NdYAG
314,dongweiming,gvanrossum
315,dongweiming,Liu-Fang
316,dongweiming,rogaha
317,dongweiming,ariesdevil
318,xiongyihui,don
319,xiongyihui,kenneth-reitz
320,xiongyihui,petewarden
321,xiongyihui,bogdanm
322,xiongyihui,jmvalin
323,xiongyihui,shriphani
324,xiongyihui,Uberi
325,xiongyihui,sg-
326,xiongyihui,janjongboom
327,xiongyihui,ruanyf
328,xiongyihui,scanlime
329,xiongyihui,clowwindy
330,xiongyihui,jollen
331,xiongyihui,evancohen
332,xiongyihui,yexiaobo-seeedstudio
333,xiongyihui,crownpku
334,xiongyihui,cnlohr
335,xiongyihui,0xc0170
336,xiongyihui,danpovey
337,xiongyihui,JiapengLi
338,xiongyihui,FrancoisGrondin
339,xiongyihui,mkschreder
340,xiongyihui,george-hawkins
341,xiongyihui,robin1001
342,xiongyihui,s890506
343,xiongyihui,kriswiner
344,xiongyihui,shichaog
345,xiongyihui,kengz
346,xiongyihui,JRMeyer
347,xiongyihui,jjrobots
348,xiongyihui,npuichigo
349,xiongyihui,Lee-Kevin
350,xiongyihui,snsun
351,xiongyihui,neil-tan
352,xiongyihui,brian-armstrong
353,xiongyihui,funcwj
354,xiongyihui,wangwei2009
355,xiongyihui,cpuimage
356,xiongyihui,shizukachan
357,carlos-wong,m2ym
358,carlos-wong,marijnh
359,carlos-wong,manateelazycat
360,carlos-wong,yinwang0
361,carlos-wong,pashky
362,carlos-wong,unbug
363,carlos-wong,nvbn
364,carlos-wong,xuy
365,carlos-wong,leefurong
366,carlos-wong,baepython
367,carlos-wong,dmitrysmagin
368,carlos-wong,abo-abo
369,carlos-wong,evilbinary
370,carlos-wong,lujun9972
371,carlos-wong,KBvsMJ
372,carlos-wong,wangshub
373,carlos-wong,tingzhihuang
374,llSourcell,sonya
375,llSourcell,wbison
376,llSourcell,bogo
377,llSourcell,adambcomer
378,stonyw,fundon
379,stonyw,rarnu
380,stonyw,Leask
381,stonyw,nAODI
382,stonyw,RaiMan
383,stonyw,vczh
384,stonyw,mariotaku
385,stonyw,casatwy
386,stonyw,clowwindy
387,stonyw,ikeay
388,stonyw,qinjx
389,stonyw,wileam
390,stonyw,callmewhy
391,stonyw,rachelyeah
392,hzxie,karpathy
393,hzxie,NickCraver
394,hzxie,onevcat
395,hzxie,li-haoran
396,hzxie,zhblue
397,hzxie,codesun
398,hzxie,Fansion
399,hzxie,kinuxroot
400,hzxie,tonghuashuo
401,hzxie,gaoxiang12
402,hzxie,hackware1993
403,hzxie,Epsilon-Lee
404,hzxie,gdsglgf
405,hzxie,KaimingHe
406,hzxie,adeshpande3
407,hzxie,sczhou
408,hzxie,Baichenjia
409,hzxie,Ruanxingzhi
410,hzxie,XiaoshuaiSun
411,wwj718,samaaron
412,wwj718,alex
413,wwj718,huacnlee
414,wwj718,janx
415,wwj718,pc
416,wwj718,mitsuhiko
417,wwj718,laurelfan
418,wwj718,yrchen
419,wwj718,qingfeng
420,wwj718,ftrain
421,wwj718,matpalm
422,wwj718,ZoomQuiet
423,wwj718,nedbat
424,wwj718,tj
425,wwj718,cpennington
426,wwj718,niquola
427,wwj718,lizzie
428,wwj718,bezidejni
429,wwj718,ormsbee
430,wwj718,regisb
431,wwj718,arocks
432,wwj718,mnielsen
433,wwj718,holdenk
434,wwj718,pydanny
435,wwj718,audreyr
436,wwj718,ajdavis
437,wwj718,osnr
438,wwj718,lifesinger
439,wwj718,JeffreyZhao
440,wwj718,joearms
441,wwj718,davidgiven
442,wwj718,crista
443,wwj718,lxneng
444,wwj718,limodou
445,wwj718,kenneth-reitz
446,wwj718,boazsender
447,wwj718,sshwsfc
448,wwj718,aparrish
449,wwj718,mahmoud
450,wwj718,singingwolfboy
451,wwj718,dcoetzee
452,wwj718,noha
453,wwj718,dstufft
454,wwj718,sofish
455,wwj718,fengmk2
456,wwj718,talbs
457,wwj718,tusbar
458,wwj718,zealinux
459,wwj718,AlloVince
460,wwj718,vas3k
461,wwj718,janpaul123
462,wwj718,RubyLouvre
463,wwj718,colbygk
464,wwj718,fangpenlin
465,wwj718,mikehadlow
466,wwj718,hanwentao
467,wwj718,chenshuo
468,wwj718,astaxie
469,wwj718,pgbovine
470,wwj718,1st1
471,wwj718,sigmavirus24
472,wwj718,karpathy
473,wwj718,liruqi
474,wwj718,BYVoid
475,wwj718,alexwarth
476,wwj718,girba
477,wwj718,lepture
478,wwj718,dbader
479,wwj718,hintjens
480,wwj718,wong2
481,wwj718,JacksonTian
482,wwj718,SergeStinckwich
483,wwj718,worrydream
484,wwj718,willerce
485,wwj718,justjavac
486,wwj718,pingf
487,wwj718,laruence
488,wwj718,lemire
489,wwj718,yinwang0
490,wwj718,amaozhao
491,wwj718,chrisgarrity
492,wwj718,hongqn
493,wwj718,pickettd
494,wwj718,tommy351
495,wwj718,mli
496,wwj718,amueller
497,wwj718,crhallberg
498,wwj718,mgechev
499,wwj718,qyuhen
500,wwj718,JurajKubelka
501,wwj718,rksm
502,wwj718,michaelliao
503,wwj718,phodal
504,wwj718,tyrchen
505,wwj718,cahrens
506,wwj718,mozillazg
507,wwj718,pfalcon
508,wwj718,antoviaque
509,wwj718,xuchen
510,wwj718,Huoran559
511,wwj718,codeZeilen
512,wwj718,virushuo
513,wwj718,ericrosenbaum
514,wwj718,burningion
515,wwj718,mulby
516,wwj718,zeroflag
517,wwj718,OmarIthawi
518,wwj718,tomchristie
519,wwj718,Danielhiversen
520,wwj718,vinta
521,wwj718,ericzhang-cn
522,wwj718,paulkaplan
523,wwj718,zqqf16
524,wwj718,perchouli
525,wwj718,martynjames
526,wwj718,royguo
527,wwj718,skvark
528,wwj718,sivagao
529,wwj718,evhan55
530,wwj718,jackychi
531,wwj718,onlytiancai
532,wwj718,fchollet
533,wwj718,prasmussen
534,wwj718,cloudwu
535,wwj718,bertfreudenberg
536,wwj718,thisandagain
537,wwj718,rafalp
538,wwj718,jrosebr1
539,wwj718,lgfa29
540,wwj718,bojanliu
541,wwj718,aaugustin
542,wwj718,dongweiming
543,wwj718,lastland
544,wwj718,whtsky
545,wwj718,ageitgey
546,wwj718,acbart
547,wwj718,hunkim
548,wwj718,ruanyf
549,wwj718,VikParuchuri
550,wwj718,alanborning
551,wwj718,nieweidong
552,wwj718,ChrisKnott
553,wwj718,peakwinter
554,wwj718,haoel
555,wwj718,bromagosa
556,wwj718,torvalds
557,wwj718,ncoghlan
558,wwj718,xionglun
559,wwj718,shaoziyang
560,wwj718,Vamei
561,wwj718,virtualabs
562,wwj718,mherrmann
563,wwj718,glasslion
564,wwj718,sdjl
565,wwj718,nesbox
566,wwj718,mholt
567,wwj718,dingguijin
568,wwj718,tankywoo
569,wwj718,khanning
570,wwj718,Trinea
571,wwj718,the5fire
572,wwj718,econchick
573,wwj718,ladyada
574,wwj718,kxxoling
575,wwj718,swistakm
576,wwj718,e0d
577,wwj718,larjohn
578,wwj718,easychen
579,wwj718,kyorohiro
580,wwj718,Lukasa
581,wwj718,chriskiehl
582,wwj718,sebastiankruk
583,wwj718,pmitros
584,wwj718,jessfraz
585,wwj718,xjdrew
586,wwj718,soulteary
587,wwj718,vshymanskyy
588,wwj718,yidao620c
589,wwj718,rschamp
590,wwj718,bitifirefly
591,wwj718,ronsaldo
592,wwj718,messense
593,wwj718,fy0
594,wwj718,rhettinger
595,wwj718,wzpan
596,wwj718,epicfaace
597,wwj718,pitrou
598,wwj718,mewtaylor
599,wwj718,gnemoug
600,wwj718,wb14123
601,wwj718,digoal
602,wwj718,kikocorreoso
603,wwj718,SwordYork
604,wwj718,touretzkyds
605,wwj718,sarina
606,wwj718,jmari
607,wwj718,ntsai
608,wwj718,wklken
609,wwj718,gunthercox
610,wwj718,hako
611,wwj718,yueyoum
612,wwj718,alexandrebarachant
613,wwj718,arasatasaygin
614,wwj718,jienormous
615,wwj718,crownpku
616,wwj718,vbuterin
617,wwj718,daoluan
618,wwj718,cedricfung
619,wwj718,JoneXiong
620,wwj718,stevekrouse
621,wwj718,martinohanlon
622,wwj718,chrisndodge
623,wwj718,daimajia
624,wwj718,tqchen
625,wwj718,willingc
626,wwj718,miguelgrinberg
627,wwj718,lanyusea
628,wwj718,felipemontoya
629,wwj718,markyun
630,wwj718,gvanrossum
631,wwj718,dianakhuang
632,wwj718,connorhudson
633,wwj718,easefun
634,wwj718,tonywangcn
635,wwj718,alreadydone
636,wwj718,CRImier
637,wwj718,ideawu
638,wwj718,rocky1001
639,wwj718,kbdancer
640,wwj718,xmeow
641,wwj718,ueg1990
642,wwj718,huaxz1986
643,wwj718,a49594a
644,wwj718,benjiwheeler
645,wwj718,lyshie
646,wwj718,YixuanFranco
647,wwj718,paulirotta
648,wwj718,oldfritter
649,wwj718,qiwsir
650,wwj718,Junzki
651,wwj718,veekaybee
652,wwj718,svcvit
653,wwj718,fmyzjs
654,wwj718,dbarobin
655,wwj718,rainyear
656,wwj718,bluedazzle
657,wwj718,dragondjf
658,wwj718,hh1224
659,wwj718,whaleygeek
660,wwj718,nswbmw
661,wwj718,Olddays
662,wwj718,nekketsuuu
663,wwj718,summarychm
664,wwj718,hernanmd
665,wwj718,chengshiwen
666,wwj718,wizardforcel
667,wwj718,atonasting
668,wwj718,Makeblock-official
669,wwj718,muxuezi
670,wwj718,MrYsLab
671,wwj718,memect
672,wwj718,drakeet
673,wwj718,chaimgingold
674,wwj718,Mtax
675,wwj718,jackjiongyin
676,wwj718,donnemartin
677,wwj718,LiFaytheGoblin
678,wwj718,xlzd
679,wwj718,keenwon
680,wwj718,ckmessi
681,wwj718,tiancode
682,wwj718,CrewS
683,wwj718,OlafenwaMoses
684,wwj718,jruiperezv
685,wwj718,dpgeorge
686,wwj718,grockcharger
687,wwj718,badetitou
688,wwj718,Mukosame
689,wwj718,liuxing3169
690,wwj718,danmacnish
691,wwj718,griffpatch
692,wwj718,duoduo369
693,wwj718,JerryC8080
694,wwj718,liber145
695,wwj718,lizijie1993
696,wwj718,tlindaliu
697,wwj718,maxosprojects
698,wwj718,geeeeeeeeek
699,wwj718,shiyanhui
700,wwj718,miyazawatomoka
701,wwj718,mtlynch
702,wwj718,Huangtuzhi
703,wwj718,mirror-riddle
704,wwj718,spy19930412
705,wwj718,kathymakes
706,wwj718,lsdlab
707,wwj718,juliendelplanque
708,wwj718,hidaris
709,wwj718,x1angli
710,wwj718,bishoph
711,wwj718,NickQian
712,wwj718,liuchengxu
713,wwj718,QcloudApi
714,wwj718,chenyuntc
715,wwj718,benjafire
716,wwj718,956237586
717,wwj718,michaelyoungstrom
718,wwj718,xueyi1230
719,wwj718,jecisc
720,wwj718,boylegu
721,wwj718,tjxinhua
722,wwj718,vnpy
723,wwj718,tdamdouni
724,wwj718,blynkkk
725,wwj718,zzw922cn
726,wwj718,dingyiming
727,wwj718,Micircle
728,wwj718,cxinping
729,wwj718,windstormeye
730,wwj718,datochan
731,wwj718,eliotmiranda
732,wwj718,byoungd
733,wwj718,bilikyar
734,wwj718,tqiu8
735,wwj718,serena333
736,wwj718,Mjrovai
737,wwj718,zerynth
738,wwj718,HelloPlanet
739,wwj718,TheBrokenRail
740,wwj718,Great-Li-Xin
741,wwj718,TsingfunLee
742,wwj718,gitfengri
743,wwj718,liuhaoXD
744,wwj718,zyingli
745,wwj718,Python-IoT
746,wwj718,wetw0rk
747,wwj718,leisiji
748,wwj718,ufresh2013
749,wwj718,wangshub
750,wwj718,priya-dwivedi
751,wwj718,summerscar
752,wwj718,zimine
753,wwj718,Ewenwan
754,wwj718,GrinningHermit
755,wwj718,cozplay
756,wwj718,havenxie
757,wwj718,zhouF96
758,wwj718,jevois
759,wwj718,soapdx
760,wwj718,EdjeElectronics
761,wwj718,LanWting
762,wwj718,chainsx
763,wwj718,StevenCostiou
764,wwj718,Kenny2github
765,wwj718,Setcina
766,wwj718,cuiguangbin
767,wwj718,malwaredllc
768,wwj718,stembotvn
769,wwj718,kyleplo
770,wwj718,junhuanchen
771,wwj718,RongzhongLi
772,michalsimek,edgarigl
773,michalsimek,ihormelnyk
774,michalsimek,agraf
775,michalsimek,lucaceresoli
776,michalsimek,apritzel
777,michalsimek,daniel-thompson
778,michalsimek,pawiecz
779,michalsimek,sbobrowicz
780,michalsimek,lukaszwojciechowski
781,michalsimek,amalinowsk2
782,michalsimek,krzk
783,michalsimek,glikely
784,michalsimek,robherring
785,schollz,davecheney
786,schollz,kjk
787,schollz,jsomers
788,schollz,tmcw
789,schollz,cryptix
790,schollz,muesli
791,schollz,karrick
792,schollz,vi
793,schollz,sivers
794,schollz,cretz
795,schollz,inconvergent
796,schollz,michaelfester
797,schollz,fogleman
798,schollz,njsmith
799,schollz,JoseTomasTocino
800,schollz,inconshreveable
801,schollz,PeterReid
802,schollz,benweint
803,schollz,chrissnell
804,schollz,mholt
805,schollz,thebaer
806,schollz,tambien
807,schollz,notwaldorf
808,schollz,ptonner
809,schollz,mouse-reeve
810,schollz,defaultnamehere
811,schollz,kootenpv
812,schollz,cnlohr
813,schollz,miyakogi
814,schollz,cclauss
815,schollz,dchapes
816,schollz,jwngr
817,schollz,sharkdp
818,schollz,gmazlami
819,schollz,dylanaraps
820,schollz,hackerkid
821,schollz,adtac
822,schollz,sjsafranek
823,schollz,cyanharlow
824,schollz,tscholl2
825,schollz,alicemaz
826,schollz,girst
827,schollz,jianlingzhong
828,schollz,mistkr
829,schollz,martin-ger
830,schollz,Jacob-Hunt
831,schollz,swimlanes
832,gaoxiang12,mocibb
833,gaoxiang12,JakobEngel
834,gaieepo,dhsgisc
835,gaieepo,JeffreyWay
836,gaieepo,goodfeli
837,gaieepo,phodal
838,gaieepo,yyx990803
839,gaieepo,ymichael
840,gaieepo,vczh
841,gaieepo,gcp
842,gaieepo,llSourcell
843,gaieepo,soumith
844,gaieepo,yyjhao
845,gaieepo,stormzhang
846,gaieepo,numbbbbb
847,gaieepo,xinan
848,gaieepo,carpedm20
849,gaieepo,dutc
850,gaieepo,Jing0
851,gaieepo,pssoft7
852,gaieepo,CreatCodeBuild
853,gaieepo,wangshunping
854,gaieepo,KaimingHe
855,gaieepo,JiawangBian
856,gaieepo,feifeiliang
857,gaieepo,ChrysLiang
858,gaieepo,qiyun28
859,gaieepo,pengsongyou
860,gaieepo,yunjey
861,gaieepo,Jannchie
862,gaieepo,Dawdleryang
863,gaieepo,Direwolf20-MC
864,binderclip,davies
865,binderclip,gingerbeardman
866,binderclip,leeight
867,binderclip,kenneth-reitz
868,binderclip,shiffman
869,binderclip,bytemaster
870,binderclip,michaelliao
871,binderclip,gfreezy
872,binderclip,yudun1989
873,binderclip,akwei
874,binderclip,kokdemo
875,binderclip,haoel
876,binderclip,luan007
877,binderclip,tankywoo
878,binderclip,whisperaven
879,binderclip,ushuz
880,binderclip,cadl
881,binderclip,Pandafisher
882,binderclip,diguage
883,binderclip,tonghs
884,binderclip,gvanrossum
885,binderclip,geekplux
886,binderclip,NetWilliam
887,binderclip,jkxqj
888,binderclip,Garlandal
889,binderclip,tamlok
890,binderclip,gwuhaolin
891,binderclip,guyskk
892,binderclip,matthew-carroll
893,binderclip,fjkfwz
894,binderclip,jilulu
895,binderclip,legendlc
896,binderclip,yanarchy
897,binderclip,piperck
898,binderclip,Alen-gao
899,binderclip,gzxultra
900,binderclip,suliangxd
901,binderclip,arianrhodsandlot
902,binderclip,QianPeili
903,binderclip,wyw
904,binderclip,longitachi
905,binderclip,microhe
906,binderclip,marknote
907,binderclip,wanyawan
908,binderclip,x1ah
909,binderclip,wchhty
910,binderclip,caowenbin
911,binderclip,wangshub
912,binderclip,SSRbackup
913,binderclip,LN2-Team
914,Neo-X,MengeCrowdSim
915,chenjiandongx,bradfitz
916,chenjiandongx,mitsuhiko
917,chenjiandongx,tj
918,chenjiandongx,avelino
919,chenjiandongx,JakeWharton
920,chenjiandongx,kenneth-reitz
921,chenjiandongx,sindresorhus
922,chenjiandongx,spf13
923,chenjiandongx,mbostock
924,chenjiandongx,astaxie
925,chenjiandongx,lepture
926,chenjiandongx,JacksonTian
927,chenjiandongx,justjavac
928,chenjiandongx,airen
929,chenjiandongx,sdispater
930,chenjiandongx,dongweiming
931,chenjiandongx,pissang
932,chenjiandongx,smallnest
933,chenjiandongx,torvalds
934,chenjiandongx,alsotang
935,chenjiandongx,miguelgrinberg
936,chenjiandongx,gvanrossum
937,chenjiandongx,Unknwon
938,chenjiandongx,qiwsir
939,chenjiandongx,stefanprodan
940,chenjiandongx,biezhi
941,chenjiandongx,chfw
942,chenjiandongx,PegasusWang
943,chenjiandongx,wizardforcel
944,chenjiandongx,icarusion
945,chenjiandongx,donnemartin
946,chenjiandongx,kinegratii
947,chenjiandongx,gaojiuli
948,chenjiandongx,sunhailin-Leo
949,chenjiandongx,bxm0927
950,chenjiandongx,eternal-flame-AD
951,HeLiangHIT,jreese
952,HeLiangHIT,aivarsk
953,HeLiangHIT,abahgat
954,HeLiangHIT,chenshuo
955,HeLiangHIT,paradoxxxzero
956,HeLiangHIT,SimonSapin
957,HeLiangHIT,coderzh
958,HeLiangHIT,sandugandhi
959,HeLiangHIT,Citizen01
960,HeLiangHIT,Ovilia
961,HeLiangHIT,ageitgey
962,HeLiangHIT,fredericgermain
963,HeLiangHIT,liZe
964,HeLiangHIT,flozz
965,HeLiangHIT,glwadys
966,HeLiangHIT,Vamei
967,HeLiangHIT,adigoin
968,HeLiangHIT,massenz
969,HeLiangHIT,JeremyJames
970,HeLiangHIT,Loow
971,HeLiangHIT,rj03hou
972,HeLiangHIT,oschina
973,HeLiangHIT,belm0
974,HeLiangHIT,hzxie
975,HeLiangHIT,mlao
976,HeLiangHIT,Le-Stagiaire
977,HeLiangHIT,dyc87112
978,HeLiangHIT,yangyangwithgnu
979,HeLiangHIT,0xddr
980,HeLiangHIT,otoolej
981,HeLiangHIT,ityouknow
982,HeLiangHIT,ferventdesert
983,HeLiangHIT,Urinx
984,HeLiangHIT,c0r3dump3d
985,HeLiangHIT,ycszen
986,HeLiangHIT,berrycam
987,HeLiangHIT,geeeeeeeeek
988,HeLiangHIT,mrnobodyisme
989,HeLiangHIT,gaoxianglong
990,HeLiangHIT,breakwa11
991,HeLiangHIT,PytLab
992,HeLiangHIT,Germey
993,HeLiangHIT,WengShengyuan
994,HeLiangHIT,HCIILAB
995,HeLiangHIT,TheThreeDog
996,HeLiangHIT,Cedic
997,HeLiangHIT,TKkk-iOSer
998,HeLiangHIT,dantezhao
999,HeLiangHIT,loveQt
1000,HeLiangHIT,dragon-yuan
1001,HeLiangHIT,zhaozepeng
1002,HeLiangHIT,zclhit
1003,HeLiangHIT,DiligentGraphics
1004,HeLiangHIT,Skiars
1005,HeLiangHIT,BrainlessLabs
1006,HeLiangHIT,niningxi
1007,HeLiangHIT,komeiji-satori
1008,HeLiangHIT,chenjiandongx
1009,HeLiangHIT,ZKeeer
1010,HeLiangHIT,wangshub
1011,HeLiangHIT,Li-rr
1012,HeLiangHIT,hacksman
1013,HeLiangHIT,lichao93
1014,HeLiangHIT,MrXhh
1015,HeLiangHIT,tushushu
1016,HeLiangHIT,fs0c131y
1017,HeLiangHIT,AppSign
1018,HeLiangHIT,changtuiqie
1019,Vg1ee,wayne1ee
1020,caohaiwen,mnielsen
1021,caohaiwen,shhyang
1022,caohaiwen,worc4021
1023,caohaiwen,wangshub
1024,WangYang-wy,AKSHAYUBHAT
1025,WangYang-wy,tianyicui
1026,WangYang-wy,fly51fly
1027,WangYang-wy,yinwang0
1028,WangYang-wy,mli
1029,WangYang-wy,stes
1030,WangYang-wy,vczh
1031,WangYang-wy,dave-andersen
1032,WangYang-wy,rajpurkar
1033,WangYang-wy,clarecorthell
1034,WangYang-wy,alsotang
1035,WangYang-wy,metalbubble
1036,WangYang-wy,ZhitingHu
1037,WangYang-wy,knazeri
1038,WangYang-wy,secondwtq
1039,WangYang-wy,ZeweiChu
1040,WangYang-wy,zibuyu
1041,WangYang-wy,manning
1042,WangYang-wy,tqchen
1043,WangYang-wy,dahakawang
1044,WangYang-wy,dformoso
1045,WangYang-wy,yuandong-tian
1046,WangYang-wy,huaxz1986
1047,WangYang-wy,kingfengji
1048,WangYang-wy,pengpaiSH
1049,WangYang-wy,scusjs
1050,WangYang-wy,danqi
1051,WangYang-wy,imcmy
1052,WangYang-wy,lambdaji
1053,WangYang-wy,xqq
1054,WangYang-wy,weichencoder
1055,WangYang-wy,tigerneil
1056,WangYang-wy,jindongwang
1057,WangYang-wy,SudalaiRajkumar
1058,WangYang-wy,julycoding
1059,WangYang-wy,chenghuige
1060,WangYang-wy,MaigoAkisame
1061,WangYang-wy,Windas
1062,WangYang-wy,chaoyanghe
1063,WangYang-wy,pyrhaha
1064,WangYang-wy,duxuhao
1065,WangYang-wy,xzhflying
1066,WangYang-wy,ZheC
1067,WangYang-wy,wepe
1068,WangYang-wy,jiffyrune
1069,WangYang-wy,leowangx2013
1070,WangYang-wy,Yukizzz
1071,WangYang-wy,ShawnyXiao
1072,WangYang-wy,nodejh
1073,WangYang-wy,xiaopc
1074,WangYang-wy,Celaeser
1075,WangYang-wy,michaelchen1996
1076,WangYang-wy,MoyanZitto
1077,WangYang-wy,HanXiaoyang
1078,WangYang-wy,Metatronxl
1079,WangYang-wy,KaimingHe
1080,WangYang-wy,miomin
1081,WangYang-wy,AndyXX5686
1082,WangYang-wy,liuchuo
1083,WangYang-wy,mohanson
1084,WangYang-wy,jiweil
1085,WangYang-wy,charleshm
1086,WangYang-wy,YouChouNoBB
1087,WangYang-wy,roboticcam
1088,WangYang-wy,Luolc
1089,WangYang-wy,wanghan0501
1090,WangYang-wy,scientificRat
1091,WangYang-wy,abisee
1092,WangYang-wy,Aliwee
1093,WangYang-wy,mohuishou
1094,WangYang-wy,airzs
1095,WangYang-wy,uncleshushu
1096,WangYang-wy,xrb92
1097,WangYang-wy,linxid
1098,WangYang-wy,lightning-zgc
1099,WangYang-wy,Warkeeper
1100,WangYang-wy,jawil
1101,WangYang-wy,DeepinSC
1102,WangYang-wy,ExplosiveBattery
1103,WangYang-wy,kongminhao
1104,WangYang-wy,HuangZhenyang
1105,WangYang-wy,Maicius
1106,WangYang-wy,AlexiaJM
1107,WangYang-wy,Gsunshine
1108,WangYang-wy,Hzzone
1109,WangYang-wy,IanSmith123
1110,WangYang-wy,brightmart
1111,WangYang-wy,wangshub
1112,WangYang-wy,Kelv1nYu
1113,WangYang-wy,aksnzhy
1114,WangYang-wy,lazyZhou1997
1115,WangYang-wy,jiqizhixin
1116,WangYang-wy,yangjinray
1117,WangYang-wy,LightingX
1118,WangYang-wy,terrifyzhao
1119,WangYang-wy,BDeMo
1120,WangYang-wy,fengdu78
1121,WangYang-wy,SYunknn
1122,WangYang-wy,duoergun0729
1123,WangYang-wy,imengyuan
1124,WangYang-wy,chanchann
1125,WangYang-wy,zhilangtaosha
1126,WangYang-wy,scutan90
1127,WangYang-wy,Alibaba-Technology
1128,WangYang-wy,amitabhama
1129,WangYang-wy,redogwu
1130,WangYang-wy,Doraemonzzz
1131,WangYang-wy,RedstoneWill
1132,langzi125,wangshub
1133,langzi125,congwulong
